,City,Cloudiness,Country,Date,Humidity,Latitude,Longitude,Maximum Temp,Wind Speed
0,dvinskoy,14,RU,1565580469,79,62.16,45.12,38.85,5.99
1,san francisco,100,CO,1565580470,95,1.17,-76.88,49.65,1.43
2,yellowknife,20,CA,1565580407,59,62.45,-114.38,62.6,5.82
3,bredasdorp,6,ZA,1565580470,71,-34.53,20.04,53.6,11.41
4,kokuy,33,RU,1565580470,49,52.2,117.55,75.57,8.99
5,nikolskoye,75,RU,1565580470,93,59.7,30.79,61.0,2.24
6,kurchum,0,KZ,1565580471,45,48.57,83.65,65.32,1.39
7,lompoc,90,US,1565580471,87,34.64,-120.46,66.0,8.05
8,mataura,44,NZ,1565580471,80,-46.19,168.86,46.0,8.99
9,busselton,0,AU,1565580471,35,-33.64,115.35,70.0,21.59
10,hithadhoo,100,MV,1565580472,77,-0.6,73.08,83.67,15.9
11,east london,0,ZA,1565580472,76,-33.02,27.91,55.4,8.05
12,san quintin,100,PH,1565580472,86,17.54,120.52,80.97,15.12
13,oriximina,0,BR,1565580473,64,-1.77,-55.87,80.62,3.74
14,castro,90,CL,1565580473,93,-42.48,-73.76,42.8,3.36
15,hobart,75,AU,1565580328,62,-42.88,147.33,54.0,11.41
16,port alfred,55,ZA,1565580473,67,-33.59,26.89,57.0,5.01
17,albany,20,US,1565580474,68,42.65,-73.75,66.99,6.17
18,armidale,96,AU,1565580317,68,-30.51,151.67,43.0,3.0
19,prince rupert,90,CA,1565580474,87,54.32,-130.32,60.8,5.82
20,iqaluit,5,CA,1565580474,86,63.75,-68.52,41.0,5.82
21,saint-joseph,44,FR,1565580474,88,43.56,6.97,75.2,5.82
22,silvan,0,TR,1565580474,53,38.14,41.01,72.0,3.36
23,norsup,40,VU,1565580475,74,-16.07,167.38,84.2,11.41
24,cam ranh,0,VN,1565580475,52,11.92,109.15,93.2,14.99
25,te anau,79,NZ,1565580475,87,-45.41,167.72,41.02,2.15
26,saldanha,0,PT,1565580475,89,41.42,-6.55,50.55,2.24
27,pontes e lacerda,0,BR,1565580476,32,-15.23,-59.33,71.62,3.6
28,pingshan,0,CN,1565580476,51,28.83,104.35,90.34,2.95
29,vytegra,2,RU,1565580476,72,61.01,36.45,48.4,11.9
30,pacific grove,1,US,1565580476,59,36.62,-121.92,75.2,5.82
31,butaritari,100,KI,1565580476,75,3.07,172.79,82.24,9.1
32,bluff,0,AU,1565580477,29,-23.58,149.07,66.75,4.9
33,myingyan,75,MM,1565580477,70,21.46,95.39,86.0,5.82
34,bang saphan,40,TH,1565580477,74,11.21,99.51,86.0,5.82
35,new norfolk,75,AU,1565580477,62,-42.78,147.06,54.0,11.41
36,saint-paul,4,FR,1565580477,93,45.22,1.9,57.0,2.24
37,cape town,75,ZA,1565580457,76,-33.93,18.42,55.0,5.82
38,bend,1,US,1565580477,42,44.06,-121.32,66.2,9.17
39,ushuaia,20,AR,1565580478,94,-54.81,-68.31,32.0,13.87
40,chuy,39,UY,1565580478,93,-33.69,-53.46,49.84,7.18
41,gizo,0,IL,1565580478,50,31.8,34.94,75.2,3.36
42,mackay,90,CA,1565580479,100,53.65,-115.58,59.0,2.24
43,saskylakh,0,RU,1565580479,39,71.97,114.09,73.42,10.51
44,upernavik,81,GL,1565580479,66,72.79,-56.15,44.07,9.08
45,singleton,75,AU,1565580479,51,-32.57,151.17,64.0,11.41
46,roma,0,IT,1565580409,64,41.89,12.48,78.01,4.7
47,vaini,75,IN,1565580479,88,15.34,74.49,73.4,9.17
48,tasiilaq,0,GL,1565580480,100,65.61,-37.64,37.4,6.93
49,deputatskiy,13,RU,1565580480,37,69.3,139.9,67.3,15.5
50,victoria,75,BN,1565580328,74,5.28,115.24,89.6,3.36
51,yeppoon,0,AU,1565580480,19,-23.13,150.74,71.6,6.93
52,san patricio,34,PY,1565580480,86,-26.98,-56.83,61.72,4.68
53,kapaa,40,US,1565580481,62,22.08,-159.32,87.8,8.05
54,tuktoyaktuk,90,CA,1565580481,93,69.44,-133.03,44.6,28.86
55,balkhash,0,KZ,1565580481,25,46.84,74.98,75.2,17.9
56,lebu,100,ET,1565580481,97,8.96,38.73,55.05,1.03
57,mar del plata,0,AR,1565580481,59,-46.43,-67.52,30.04,13.96
58,grindavik,75,IS,1565580482,70,63.84,-22.43,48.2,17.22
59,major isidoro,2,BR,1565580482,97,-9.53,-36.99,65.5,3.94
60,santa marta,75,CO,1565580429,66,11.24,-74.21,86.0,11.41
61,vila velha,40,BR,1565580482,74,-3.71,-38.6,78.8,12.75
62,qaanaaq,85,GL,1565580483,75,77.48,-69.36,40.12,1.12
63,lingao,0,CN,1565580483,77,19.91,109.69,87.45,16.42
64,campos gerais,0,BR,1565580483,78,-21.23,-45.76,62.25,3.98
65,jamestown,49,AU,1565580420,58,-33.21,138.6,50.92,6.29
66,saint-philippe,90,CA,1565580483,64,45.36,-73.48,73.4,16.11
67,hofn,100,IS,1565580483,78,64.25,-15.21,32.74,21.97
68,khatanga,0,RU,1565580484,36,71.98,102.47,77.02,9.78
69,atuona,18,PF,1565580484,79,-9.8,-139.03,79.72,23.2
70,punta arenas,0,CL,1565580484,73,-53.16,-70.91,26.6,8.05
71,rikitea,100,PF,1565580484,84,-23.12,-134.97,72.87,17.2
72,esperance,0,AU,1565580484,67,-33.86,121.89,60.8,12.75
73,banda aceh,100,ID,1565580485,70,5.56,95.32,84.57,22.17
74,agirish,100,RU,1565580485,97,61.92,63.02,61.72,4.54
75,lima,90,PE,1565580304,87,-12.06,-77.04,59.0,6.93
76,chokurdakh,10,RU,1565580485,51,70.62,147.9,57.57,13.04
77,bauchi,100,NG,1565580485,89,10.31,9.85,69.45,4.56
78,warrington,0,GB,1565580485,93,53.39,-2.59,55.0,3.36
79,dikson,100,RU,1565580486,89,73.51,80.55,40.47,11.1
80,sao filipe,0,CV,1565580486,86,14.9,-24.5,75.4,17.74
81,longyearbyen,40,NO,1565580486,70,78.22,15.63,41.0,6.93
82,half moon bay,1,US,1565580486,87,37.46,-122.43,75.2,14.99
83,linjiang,100,CN,1565580486,97,41.81,126.91,65.85,3.71
84,ribeira grande,69,PT,1565580487,82,38.52,-28.7,70.17,11.25
85,kudahuvadhoo,100,MV,1565580487,74,2.67,72.89,83.14,8.81
86,saint george,0,GR,1565580487,65,39.45,22.34,77.0,1.54
87,belmonte,0,PT,1565580487,57,40.36,-7.35,61.0,2.93
88,padang,100,ID,1565580487,79,-0.92,100.36,81.15,10.67
89,barrow,0,AR,1565580488,52,-38.31,-60.23,45.7,7.23
90,umm kaddadah,100,SD,1565580488,71,13.6,26.69,77.74,10.22
91,teluknaga,40,ID,1565580488,52,-6.1,106.64,90.0,9.17
92,ruiru,90,KE,1565580488,82,-1.16,36.96,57.2,2.24
93,itoman,20,JP,1565580488,79,26.12,127.67,91.4,10.29
94,nuuk,0,GL,1565580489,100,64.17,-51.74,41.0,9.17
95,lufilufi,4,WS,1565580489,88,-13.87,-171.6,80.01,15.01
96,fairbanks,1,US,1565580489,40,64.84,-147.72,69.8,9.17
97,palauig,100,PH,1565580489,78,15.44,119.9,83.85,17.74
98,hermanus,37,ZA,1565580489,88,-34.42,19.24,53.01,5.01
99,kutum,11,SD,1565580490,78,14.2,24.66,70.17,21.5
100,fereydun kenar,75,IR,1565580490,88,36.69,52.52,75.2,4.7
101,kruisfontein,0,ZA,1565580490,68,-34.0,24.73,48.04,12.35
102,georgetown,40,GY,1565580486,94,6.8,-58.16,77.0,4.7
103,portland,1,US,1565580347,63,43.66,-70.25,66.2,4.7
104,alofi,0,NU,1565580490,74,-19.06,-169.92,80.6,12.75
105,college,1,US,1565580491,40,64.86,-147.8,71.6,9.17
106,kununurra,28,AU,1565580491,11,-15.77,128.74,80.6,12.75
107,thinadhoo,100,MV,1565580491,73,0.53,72.93,83.32,10.67
108,cochrane,30,CL,1565580491,95,-47.25,-72.57,27.15,3.96
109,ponta do sol,0,BR,1565580492,61,-20.63,-46.0,65.14,5.03
110,orlik,0,PL,1565580492,67,53.95,17.74,64.0,1.12
111,cayenne,0,GF,1565580492,100,4.94,-52.33,73.4,2.68
112,mulege,0,MX,1565580492,63,26.88,-111.98,86.92,3.96
113,namanga,88,KE,1565580492,90,-2.55,36.79,53.97,5.77
114,codrington,0,AU,1565580492,34,-28.95,153.24,66.99,13.87
115,camacupa,0,AO,1565580493,37,-12.02,17.48,53.25,3.94
116,povazska bystrica,75,SK,1565580493,93,49.12,18.42,69.8,2.24
117,lasa,20,CY,1565580493,68,34.92,32.53,75.2,8.05
118,kautokeino,100,NO,1565580493,94,69.01,23.04,52.17,12.73
119,kassala,100,SD,1565580493,81,15.45,36.38,76.12,11.52
120,mahebourg,75,MU,1565580494,94,-20.41,57.7,71.01,10.29
121,thompson,5,CA,1565580494,59,55.74,-97.86,60.8,3.36
122,faya,20,SA,1565580494,93,18.39,42.45,64.4,5.39
123,bandarbeyla,12,SO,1565580494,62,9.49,50.81,75.57,31.36
124,matamoros,1,US,1565580345,84,25.87,-97.51,86.0,13.87
125,praia,0,BR,1565580495,56,-20.25,-43.81,68.0,4.7
126,cabo san lucas,40,MX,1565580433,65,22.89,-109.91,82.0,2.19
127,puerto ayora,0,EC,1565580495,97,-0.74,-90.35,64.99,1.01
128,coihaique,90,CL,1565580495,74,-45.58,-72.07,37.4,9.17
129,husavik,0,CA,1565580495,66,50.56,-96.99,60.01,5.73
130,salalah,90,OM,1565580495,94,17.01,54.1,75.2,2.24
131,la ronge,20,CA,1565580496,63,55.1,-105.3,62.6,2.24
132,le moule,75,GP,1565580496,88,16.33,-61.35,78.8,6.93
133,arraial do cabo,0,BR,1565580496,90,-22.97,-42.02,70.17,5.08
134,point pleasant,1,US,1565580496,60,40.08,-74.07,73.4,2.46
135,ghanzi,0,BW,1565580496,35,-21.7,21.65,57.4,5.17
136,dargaville,100,NZ,1565580497,76,-35.94,173.86,57.94,31.21
137,isangel,75,VU,1565580497,78,-19.55,169.27,82.4,11.41
138,tchibanga,24,GA,1565580497,94,-2.92,11.0,66.22,1.39
139,molina,0,CL,1565580497,87,-35.11,-71.28,42.8,2.24
140,berlevag,100,NO,1565580497,95,70.86,29.09,48.75,12.75
141,umm lajj,80,SA,1565580498,71,25.02,37.27,86.02,4.92
142,ahipara,89,NZ,1565580498,100,-35.17,173.16,60.01,30.38
143,faanui,0,PF,1565580498,81,-16.48,-151.75,79.35,12.59
144,riyadh,0,SA,1565580498,29,24.63,46.72,78.8,2.24
145,scottsbluff,1,US,1565580498,93,41.87,-103.67,69.8,5.82
146,ambilobe,0,MG,1565580498,72,-13.19,49.05,65.67,10.63
147,tha mai,90,TH,1565580499,94,12.62,102.01,88.0,9.17
148,frogner,75,NO,1565580499,93,60.02,11.1,61.0,9.17
149,havre,1,US,1565580264,93,48.55,-109.68,60.01,6.93
150,verkhnevilyuysk,0,RU,1565580499,48,63.45,120.31,76.12,0.94
151,nizhniy odes,100,RU,1565580499,73,63.64,54.86,42.27,14.56
152,avarua,96,CK,1565580500,73,-21.21,-159.78,77.0,9.17
153,porto franco,0,BR,1565580500,45,-6.34,-47.4,74.5,1.12
154,kant,0,KG,1565580500,27,42.89,74.85,78.8,4.47
155,tuatapere,91,NZ,1565580500,80,-46.13,167.69,46.0,8.99
156,hilo,20,US,1565580314,65,19.71,-155.08,82.4,8.05
157,kapit,100,MY,1565580500,47,2.02,112.94,92.85,1.54
158,nanortalik,45,GL,1565580501,73,60.14,-45.24,44.97,10.6
159,san cristobal,0,HN,1565580501,81,14.68,-86.92,68.02,6.15
160,russellville,1,US,1565580501,78,35.28,-93.13,82.99,3.36
161,carnarvon,44,ZA,1565580501,96,-30.97,22.13,35.97,6.17
162,vyartsilya,100,RU,1565580501,77,62.18,30.69,49.3,6.85
163,tautira,20,PF,1565580501,66,-17.73,-149.15,86.0,6.93
164,samarai,100,PG,1565580502,95,-10.62,150.67,73.24,7.07
165,calbuco,75,CL,1565580502,100,-41.77,-73.13,41.0,4.59
166,apomu,20,NG,1565580502,94,6.85,3.21,75.2,3.36
167,matara,23,BI,1565580502,77,-3.48,29.48,50.37,1.19
168,provideniya,90,RU,1565580502,93,64.42,-173.23,55.4,13.42
169,nueva loja,100,EC,1565580503,78,0.08,-76.88,71.44,1.07
170,atbasar,99,KZ,1565580503,42,51.81,68.36,74.14,13.65
171,severo-kurilsk,59,RU,1565580503,96,50.68,156.12,49.47,14.9
172,buala,97,SB,1565580503,77,-8.15,159.59,83.32,8.93
173,kamaishi,75,JP,1565580503,83,39.28,141.86,78.8,4.7
174,craig,1,US,1565580504,68,40.52,-107.55,68.0,9.17
175,kasama,0,ZM,1565580504,79,-10.21,31.19,46.05,3.42
176,namtsy,75,RU,1565580504,72,62.72,129.66,64.4,6.71
177,kannur,90,IN,1565580504,100,11.88,75.37,77.0,3.36
178,reitz,41,ZA,1565580504,63,-27.8,28.43,47.14,3.47
179,ahuimanu,90,US,1565580505,69,21.44,-157.84,87.8,10.29
180,san ciro de acosta,93,MX,1565580505,95,21.65,-99.82,65.85,1.79
181,lovington,20,US,1565580505,42,32.94,-103.35,84.2,4.7
182,alta floresta,0,BR,1565580505,41,-9.87,-56.08,71.8,2.46
183,cabra,0,ES,1565580505,32,37.47,-4.43,69.8,3.36
184,norman wells,75,CA,1565580505,66,65.28,-126.83,55.4,2.24
185,beringovskiy,95,RU,1565580506,80,63.05,179.32,55.05,6.35
186,tiksi,0,RU,1565580506,59,71.64,128.87,60.64,5.95
187,bambous virieux,75,MU,1565580506,94,-20.34,57.76,71.01,10.29
188,ndola,0,ZM,1565580506,69,-12.97,28.64,51.27,4.97
189,navahrudak,37,BY,1565580506,76,53.59,25.82,60.64,6.73
190,broken hill,0,AU,1565580507,45,-31.97,141.45,53.6,13.87
191,pathein,100,MM,1565580210,89,16.78,94.73,79.17,7.34
192,khvastovichi,40,RU,1565580507,93,53.47,35.09,55.4,2.24
193,muqui,80,BR,1565580507,96,-20.96,-41.35,65.67,2.35
194,port elizabeth,1,US,1565580507,88,39.31,-74.98,73.99,3.91
195,leningradskiy,92,RU,1565580508,94,69.38,178.42,40.12,17.05
196,sorland,0,NO,1565580508,82,67.67,12.69,57.2,3.36
197,fortuna,0,ES,1565580508,21,38.18,-1.13,82.4,8.05
198,dillon,56,US,1565580508,62,45.22,-112.64,57.99,5.97
199,sitka,61,US,1565580508,42,37.17,-99.65,89.01,21.0
200,komarikhinskiy,90,RU,1565580509,87,58.1,57.12,50.0,6.71
201,nome,1,US,1565580509,88,30.04,-94.42,87.01,7.67
202,verkhoyansk,0,RU,1565580509,32,67.55,133.39,76.12,9.4
203,caetite,2,BR,1565580509,89,-14.07,-42.48,62.8,15.03
204,chiang klang,40,TH,1565580509,74,19.29,100.86,87.8,3.36
205,portel,55,BR,1565580510,72,-1.94,-50.82,76.3,3.06
206,aykhal,75,RU,1565580510,49,65.95,111.51,68.0,2.24
207,teguldet,18,RU,1565580510,55,57.31,88.17,61.17,6.53
208,kaitangata,80,NZ,1565580510,58,-46.28,169.85,50.0,8.99
209,lazaro cardenas,40,MX,1565580510,39,28.39,-105.62,82.4,4.7
210,saint-louis,0,SN,1565580511,83,16.03,-16.5,80.6,9.17
211,haines junction,100,CA,1565580511,50,60.75,-137.51,61.0,3.49
212,yulara,0,AU,1565580511,36,-25.24,130.99,64.4,10.29
213,nhulunbuy,0,AU,1565580511,47,-12.18,136.78,77.0,18.34
214,ust-kut,69,RU,1565580511,69,56.78,105.75,59.02,12.59
215,oeiras,0,BR,1565580512,51,-7.01,-42.13,76.84,6.91
216,pokhara,100,NP,1565580409,67,28.21,83.99,67.12,2.84
217,souillac,3,FR,1565580512,100,45.6,-0.6,61.0,3.36
218,port hardy,75,CA,1565580512,63,50.7,-127.42,64.4,2.24
219,oranjemund,0,ZA,1565580512,88,-28.55,16.43,54.87,10.83
220,chumikan,13,RU,1565580512,67,54.72,135.31,65.5,4.05
221,kitimat,75,CA,1565580513,49,54.02,-128.69,68.0,14.99
222,vestmannaeyjar,100,IS,1565580513,77,63.44,-20.27,46.42,28.43
223,tarko-sale,100,RU,1565580513,65,64.92,77.78,60.01,7.34
224,rapid city,1,US,1565580513,82,44.08,-103.23,70.0,9.17
225,tessalit,13,ML,1565580513,28,20.2,1.01,92.32,13.53
226,dolgoderevenskoye,40,RU,1565580514,88,55.34,61.34,64.4,6.71
227,taywarah,0,AF,1565580514,20,33.35,64.42,67.12,9.44
228,ridgecrest,1,US,1565580514,21,35.62,-117.67,89.6,11.41
229,sambava,21,MG,1565580514,74,-14.27,50.17,61.54,4.03
230,inhambane,0,MZ,1565580514,82,-23.87,35.38,62.97,8.52
231,saint anthony,1,US,1565580514,32,43.97,-111.68,68.0,9.17
232,roald,100,NO,1565580515,100,62.58,6.12,59.0,5.82
233,senno,0,RU,1565580515,93,57.76,27.95,53.6,2.24
234,viedma,100,AR,1565580515,77,-40.81,-62.99,42.64,18.54
235,kundiawa,100,PG,1565580515,78,-6.02,144.97,57.94,3.91
236,mount isa,0,AU,1565580515,24,-20.73,139.49,68.0,11.41
237,rupert,1,US,1565580515,51,42.62,-113.68,66.2,5.82
238,fomboni,6,KM,1565580516,68,-12.28,43.74,77.74,18.75
239,mount gambier,75,AU,1565580516,87,-37.83,140.78,48.2,13.87
240,bathsheba,75,BB,1565580516,78,13.22,-59.52,80.6,8.05
241,hailey,5,US,1565580225,39,43.52,-114.32,64.4,5.82
242,abbeville,0,FR,1565580517,93,50.11,1.83,59.0,4.7
243,okha,98,RU,1565580517,68,53.59,142.95,63.34,9.98
244,la plata,94,AR,1565580517,87,-34.92,-57.95,54.0,4.7
245,mehamn,100,NO,1565580517,96,71.03,27.85,49.47,3.58
246,posse,0,BR,1565580518,38,-14.08,-46.36,74.85,8.14
247,launceston,40,AU,1565580518,54,-41.43,147.14,53.6,11.41
248,salinas,1,US,1565580518,52,36.67,-121.66,75.2,11.41
249,sri aman,75,MY,1565580518,63,1.24,111.46,91.4,3.36
250,san policarpo,100,PH,1565580518,58,12.18,125.51,90.15,8.43
251,santa maria,0,BR,1565580518,46,-16.02,-48.01,73.4,2.24
252,maumere,6,ID,1565580519,58,-8.63,122.22,82.77,8.32
253,phalaborwa,0,ZA,1565580519,55,-23.95,31.14,62.6,4.7
254,tapes,100,BR,1565580519,97,-30.67,-51.4,57.22,7.25
255,byron bay,0,AU,1565580287,45,-28.65,153.62,66.99,14.99
256,yumen,100,CN,1565580520,21,40.29,97.04,82.95,17.31
257,comodoro rivadavia,75,AR,1565580520,64,-45.87,-67.48,37.4,13.87
258,asmara,65,ER,1565580520,81,15.34,38.93,68.55,1.05
259,janauba,1,BR,1565580520,91,-1.63,-45.47,75.4,3.62
260,kodiak,75,US,1565580520,78,39.95,-94.76,78.8,6.93
261,atar,2,MR,1565580521,32,20.52,-13.05,88.9,12.26
262,teknaf,100,BD,1565580521,88,20.86,92.31,81.15,15.19
263,kargil,0,PK,1565580521,55,34.56,76.13,57.22,2.33
264,saint-pierre,0,FR,1565580521,100,48.95,4.24,57.2,10.29
265,airai,71,TL,1565580521,39,-8.93,125.41,87.1,1.43
266,melfort,1,CA,1565580522,93,52.87,-104.61,51.8,3.36
267,omboue,96,GA,1565580522,82,-1.57,9.26,72.34,9.64
268,heihe,0,RU,1565580522,53,50.24,127.51,75.2,4.47
269,fare,3,PF,1565580522,82,-16.7,-151.02,79.17,11.83
270,baloy,100,ID,1565580522,71,5.08,97.11,78.27,1.21
271,panzhihua,0,CN,1565580523,52,26.59,101.72,80.01,0.43
272,mozarlandia,16,BR,1565580523,43,-14.74,-50.57,74.5,2.77
273,hwange,0,ZW,1565580523,67,-18.35,26.5,53.07,0.47
274,mont-dore,90,NC,1565580523,73,-22.23,166.53,69.8,2.24
275,yantzaza,96,EC,1565580523,98,-3.83,-78.76,54.15,3.51
276,meulaboh,50,ID,1565580357,72,4.14,96.13,83.67,10.47
277,bubaque,100,GW,1565580523,88,11.28,-15.83,77.74,18.84
278,pedra azul,0,BR,1565580524,95,-16.01,-41.28,57.94,3.2
279,olinda,75,AU,1565580524,66,-37.84,145.39,54.0,12.75
280,bethel,75,US,1565580524,82,60.79,-161.76,62.6,12.75
281,nishihara,75,JP,1565580524,74,35.74,139.53,91.99,5.82
282,luderitz,0,NA,1565580524,76,-26.65,15.16,55.4,12.75
283,tenabo,20,MX,1565580525,83,20.04,-90.23,78.8,12.64
284,caibarien,0,CU,1565580525,88,22.52,-79.47,73.4,2.24
285,bukama,0,CD,1565580525,42,-9.2,25.85,65.32,2.33
286,ilulissat,20,GL,1565580525,34,69.22,-51.1,51.8,5.82
287,whitehorse,75,CA,1565580418,39,60.72,-135.06,66.2,4.7
288,santa margherita ligure,40,IT,1565580525,83,44.33,9.21,75.99,5.82
289,zirandaro,88,MX,1565580526,79,18.45,-100.98,78.45,2.04
290,beyneu,0,KZ,1565580526,50,45.32,55.19,69.64,19.95
291,great falls,20,US,1565580526,58,47.5,-111.29,59.0,23.04
292,barcelos,0,BR,1565580526,82,-0.97,-62.93,75.75,2.71
293,nabire,100,ID,1565580526,69,-3.36,135.5,80.44,4.38
294,luqiao,19,CN,1565580527,66,32.55,117.23,82.05,17.69
295,todos santos,40,MX,1565580527,65,23.45,-110.23,82.0,3.67
296,clyde river,90,CA,1565580527,93,70.47,-68.59,41.0,10.29
297,ayr,0,AU,1565580527,14,-19.58,147.4,75.4,3.6
298,tevaitoa,3,PF,1565580527,82,-16.78,-151.5,79.17,11.83
299,lagoa,0,PT,1565580528,45,37.14,-8.45,68.0,8.05
300,zaraza,0,VE,1565580528,96,9.35,-65.33,72.15,3.78
301,namibe,3,AO,1565580528,83,-15.19,12.15,62.97,5.37
302,kedrovyy,0,RU,1565580528,72,56.17,91.82,60.8,6.71
303,okhotsk,100,RU,1565580529,95,59.36,143.24,54.15,6.02
304,halifax,75,CA,1565580303,72,44.65,-63.58,64.99,10.29
305,sarishabari,49,BD,1565580529,63,24.75,89.83,91.95,5.93
306,tucuman,0,PE,1565580529,45,-17.17,-70.89,46.05,1.01
307,vardo,1,US,1565580529,88,39.62,-77.74,68.0,4.12
308,talnakh,90,RU,1565580530,100,69.49,88.39,53.6,8.95
309,coahuayana,100,MX,1565580530,90,18.62,-100.35,75.04,6.76
310,yakeshi,0,CN,1565580530,64,49.28,120.73,68.2,4.43
311,sechura,0,PE,1565580530,86,-5.56,-80.82,61.35,13.35
312,yar-sale,100,RU,1565580530,73,66.83,70.83,47.85,14.12
313,okahandja,0,NA,1565580531,30,-21.98,16.91,59.0,8.05
314,puerto carreno,75,CO,1565580531,94,6.19,-67.49,77.0,3.04
315,ust-kuyga,0,RU,1565580531,36,70.0,135.55,76.65,14.41
316,pevek,9,RU,1565580531,93,69.7,170.27,36.7,27.96
317,karangampel,80,ID,1565580531,38,-6.46,108.44,88.72,8.63
318,jacareacanga,47,BR,1565580532,41,-6.22,-57.76,79.54,1.72
319,ancud,90,CL,1565580532,93,-41.87,-73.83,42.8,3.36
320,altay,0,CN,1565580532,34,47.83,88.13,62.25,4.27
321,poquoson,1,US,1565580314,83,37.12,-76.35,75.0,3.36
322,dalvik,100,SE,1565580532,87,57.79,14.13,57.99,9.17
323,maragogi,23,BR,1565580532,96,-9.01,-35.22,69.1,3.29
324,hobyo,0,SO,1565580533,75,5.35,48.53,73.95,16.93
325,tadine,100,NC,1565580533,85,-21.55,167.88,68.55,20.15
326,najran,0,SA,1565580533,39,17.54,44.22,80.6,6.93
327,diamantino,0,BR,1565580533,42,-14.4,-56.44,74.14,6.6
328,port augusta,51,AU,1565580533,66,-32.49,137.76,53.6,9.17
329,hamilton,20,CA,1565580470,88,43.26,-79.87,73.4,5.82
330,foam lake,12,CA,1565580534,68,51.65,-103.53,56.32,7.16
331,camalu,11,MX,1565580534,92,30.85,-116.07,64.42,11.92
332,sabla,0,NG,1565580534,71,12.75,4.71,79.35,13.0
333,vao,8,EE,1565580534,96,59.1,26.19,56.85,9.24
334,antalaha,58,MG,1565580534,91,-14.9,50.28,58.3,4.34
335,erdenet,80,MN,1565580535,70,49.03,104.04,54.52,3.91
336,khasan,100,RU,1565580535,97,42.43,130.64,67.3,4.94
337,izmaylovo,81,RU,1565580535,89,53.72,47.24,49.12,14.7
338,mondlo,0,ZA,1565580535,43,-27.96,30.72,54.34,6.38
339,chipinge,0,ZW,1565580536,49,-20.19,32.62,59.92,4.34
340,grenada,1,US,1565580536,94,33.77,-89.81,80.6,0.89
341,brigantine,1,US,1565580536,60,39.41,-74.36,73.0,3.36
342,tvoroyri,53,FO,1565580536,93,61.56,-6.81,48.2,6.93
343,rudnya,0,RU,1565580536,87,50.8,44.56,51.64,12.12
344,mogocha,10,RU,1565580537,43,53.73,119.76,75.22,8.05
345,pencaitland,75,GB,1565580537,100,55.91,-2.89,51.01,4.7
346,syedove,10,UA,1565580537,59,47.08,38.16,72.52,6.46
347,tela,75,HN,1565580537,83,15.78,-87.45,82.4,6.93
348,man,98,CI,1565580537,99,7.41,-7.55,66.04,3.04
349,kavieng,62,PG,1565580537,70,-2.57,150.8,81.7,3.94
350,soyo,0,AO,1565580538,83,-6.13,12.37,71.97,8.68
351,purpe,88,RU,1565580538,65,64.48,76.69,60.01,13.22
352,port macquarie,90,AU,1565580538,47,-31.43,152.91,68.0,11.41
353,hualmay,88,PE,1565580538,87,-11.1,-77.61,58.84,18.25
354,aginskoye,100,RU,1565580539,57,51.11,114.54,71.97,7.54
355,porbandar,75,IN,1565580539,88,21.64,69.61,82.4,6.93
356,palmer,75,AU,1565580468,71,-34.85,139.16,53.01,8.05
357,waipawa,100,NZ,1565580539,84,-39.94,176.59,48.99,11.01
358,luwuk,100,ID,1565580539,85,-0.95,122.79,69.64,5.26
359,edd,89,ER,1565580539,60,13.93,41.69,86.55,2.44
360,exeter,36,GB,1565580540,100,50.73,-3.53,55.99,1.12
361,ipoti,100,NG,1565580540,97,7.87,5.08,68.92,5.99
362,chunoyar,37,RU,1565580540,53,57.45,97.32,64.05,9.8
363,ust-nera,64,RU,1565580540,37,64.57,143.24,65.32,4.23
364,aksarayskiy,0,RU,1565580541,55,46.79,48.01,62.6,11.18
365,nanning,40,CN,1565580541,66,22.83,108.3,91.4,6.71
366,bongandanga,77,CD,1565580541,98,1.51,21.07,69.27,1.28
367,devonport,100,AU,1565580541,50,-41.18,146.36,57.99,8.01
368,san antonio,0,CL,1565580541,100,-33.58,-71.61,41.0,12.62
369,karratha,43,AU,1565580541,15,-20.74,116.85,83.32,20.27
370,camacha,40,PT,1565580542,73,33.08,-16.33,71.6,12.75
371,oudtshoorn,20,ZA,1565580542,50,-33.59,22.2,51.8,10.29
372,ayagoz,4,KZ,1565580542,30,47.96,80.43,70.35,16.28
373,mercedes,100,UY,1565580542,91,-33.25,-58.03,51.01,1.99
374,port blair,90,IN,1565580538,88,11.67,92.75,78.8,8.05
375,doha,0,QA,1565580514,30,25.29,51.53,95.0,10.29
376,mazagao,20,BR,1565580333,100,-0.12,-51.29,80.6,8.05
377,banjar,95,ID,1565580544,59,-7.37,108.54,80.8,2.26
378,nakusp,100,CA,1565580544,94,50.24,-117.8,51.64,2.84
379,mansa,75,IN,1565580545,94,23.43,72.66,80.6,3.36
380,aklavik,90,CA,1565580545,71,68.22,-135.01,51.8,5.82
381,gold coast,0,AU,1565580545,32,-28.0,153.41,70.0,11.41
382,melbu,0,NO,1565580545,82,68.5,14.83,57.99,3.36
383,riviere-au-renard,40,CA,1565580545,93,49.0,-64.4,59.0,3.36
384,nouakchott,20,MR,1565580546,83,18.08,-15.98,78.8,16.11
385,pangnirtung,36,CA,1565580546,78,66.15,-65.72,41.92,2.21
386,kozan,0,TR,1565580546,100,37.45,35.82,77.0,5.82
387,newport,1,US,1565580303,73,41.49,-71.31,70.0,6.44
388,griffith,90,AU,1565580546,71,-34.29,146.06,53.6,5.82
389,laguna,75,BZ,1565580547,94,16.17,-88.94,80.6,3.78
390,saurimo,0,AO,1565580547,36,-9.66,20.4,59.92,1.9
391,severo-yeniseyskiy,51,RU,1565580542,61,60.37,93.04,55.42,8.37
392,birjand,0,IR,1565580547,11,32.86,59.22,75.2,20.8
393,fort saint james,100,CA,1565580547,73,54.43,-124.25,60.27,3.62
394,nouadhibou,0,MR,1565580548,83,20.93,-17.03,69.8,20.8
395,ostrovnoy,83,RU,1565580548,72,68.05,39.51,45.34,20.76
396,cidreira,95,BR,1565580548,93,-30.17,-50.22,58.84,3.83
397,los aquijes,75,PE,1565580548,87,-14.1,-75.69,57.0,3.36
398,eenhana,0,NA,1565580549,28,-17.48,16.34,59.2,4.7
399,hibbing,1,US,1565580549,87,47.43,-92.94,61.0,3.36
400,marawi,95,PH,1565580549,71,8.0,124.29,84.99,5.99
401,alice springs,0,AU,1565580432,39,-23.7,133.88,62.6,13.87
402,nelson bay,75,AU,1565580549,51,-32.72,152.14,63.0,11.41
403,guerrero negro,0,MX,1565580549,89,27.97,-114.04,65.32,19.04
404,glenwood springs,1,US,1565580550,87,39.55,-107.33,75.2,11.41
405,barra dos coqueiros,40,BR,1565580550,74,-10.91,-37.04,78.8,11.41
406,caravelas,0,BR,1565580550,87,-17.73,-39.27,71.44,6.44
407,hambantota,20,LK,1565580550,83,6.12,81.12,82.4,8.05
408,tocopilla,2,CL,1565580550,85,-22.09,-70.2,56.85,13.82
409,yorosso,5,ML,1565580551,90,12.35,-4.78,74.32,8.46
410,pagudpud,90,PH,1565580551,89,18.56,120.79,84.2,13.87
411,kilindoni,58,TZ,1565580551,78,-7.91,39.67,76.84,15.68
412,bose,75,IT,1565580551,88,45.46,8.01,75.0,2.24
413,fazalpur,40,PK,1565580552,84,32.18,75.07,87.8,5.57
414,port hedland,71,AU,1565580552,10,-20.31,118.58,86.0,21.92
415,dalby,0,AU,1565580552,29,-27.18,151.26,60.8,14.99
416,boa vista,0,BR,1565580532,78,2.82,-60.67,80.6,2.91
417,aurich,20,DE,1565580552,77,53.47,7.48,60.01,8.05
418,powell,1,US,1565580553,88,40.16,-83.08,73.4,3.36
419,basco,90,US,1565580553,94,40.33,-91.2,78.8,3.49
420,baijiantan,0,CN,1565580553,27,45.63,85.18,76.65,4.76
421,dicabisagan,100,PH,1565580553,68,17.08,122.42,87.45,4.16
422,san vicente,40,EC,1565580553,88,-0.59,-80.41,68.0,11.41
423,spitsevka,0,RU,1565580553,48,45.12,42.5,64.4,4.47
424,chapais,1,CA,1565580554,76,49.78,-74.86,55.4,4.7
425,cabinda,0,AO,1565580554,83,-5.56,12.19,71.97,9.31
426,natchitoches,1,US,1565580344,78,31.76,-93.09,82.4,4.7
427,bud,100,NO,1565580554,93,62.91,6.91,59.0,5.82
428,boden,100,SE,1565580554,87,65.83,21.69,59.0,10.29
429,rio gallegos,75,AR,1565580298,86,-51.62,-69.22,28.4,8.05
430,akureyri,90,IS,1565580303,80,65.68,-18.09,41.0,8.05
431,dubove,0,UA,1565580555,83,48.18,23.89,72.0,4.7
432,saint-augustin,75,CA,1565580555,73,45.63,-73.98,73.4,3.36
433,srednekolymsk,0,RU,1565580555,40,67.46,153.71,73.24,12.01
434,axim,81,GH,1565580555,89,4.87,-2.24,73.42,9.42
435,itaituba,0,BR,1565580555,56,-4.26,-55.99,73.6,1.1
436,kati,20,ML,1565580556,88,12.75,-8.07,77.0,8.05
437,khanu woralaksaburi,99,TH,1565580556,68,16.06,99.86,84.94,1.95
438,north bend,1,US,1565580556,82,43.41,-124.22,73.99,9.17
439,matehuala,14,MX,1565580556,66,23.65,-100.64,68.37,17.92
440,homer,1,US,1565580327,77,59.64,-151.54,75.0,11.41
441,tura,100,RU,1565580557,50,64.27,100.22,60.1,8.23
442,hudson bay,100,CA,1565580557,68,52.86,-102.4,55.6,5.01
443,pueblo,1,US,1565580262,53,38.25,-104.61,75.2,5.82
444,darhan,100,MN,1565580557,87,49.49,105.92,51.45,1.43
445,xining,77,CN,1565580557,44,36.62,101.77,62.44,6.15
446,samarkand,0,UZ,1565580481,34,39.65,66.98,78.8,3.22
447,kijang,40,KR,1565580558,62,35.24,129.21,89.6,14.99
448,bonavista,100,CA,1565580558,82,48.65,-53.11,62.01,8.01
449,progreso,0,UY,1565580558,81,-34.68,-56.22,59.0,11.86
450,yerbogachen,100,RU,1565580558,50,61.28,108.01,68.92,12.19
451,tsogni,3,GA,1565580558,81,-2.79,10.1,71.44,6.76
452,espinosa,0,BR,1565580558,70,-14.92,-42.81,64.24,8.5
453,rolla,75,US,1565580383,88,37.95,-91.77,80.6,6.93
454,talcahuano,75,CL,1565580400,93,-36.72,-73.12,48.2,4.7
455,anadyr,90,RU,1565580559,93,64.73,177.51,51.8,15.66
456,klaksvik,0,FO,1565580559,93,62.23,-6.59,48.2,6.93
457,kuzino,100,RU,1565580559,97,57.02,59.44,55.77,4.5
458,lunglei,100,IN,1565580559,96,22.89,92.75,79.17,1.66
459,skibbereen,20,IE,1565580560,93,51.55,-9.27,48.2,5.82
460,caningay,99,PH,1565580560,77,9.84,122.68,83.85,12.97
461,lavrentiya,100,RU,1565580560,97,65.58,-170.99,47.67,5.99
462,plettenberg bay,60,ZA,1565580560,77,-34.05,23.37,49.47,9.57
463,calama,0,CL,1565580560,10,-22.46,-68.93,39.2,23.04
464,necochea,67,AR,1565580561,87,-38.55,-58.74,41.0,1.99
465,shar,100,NG,1565580561,97,7.3,8.73,71.62,5.08
466,villa bruzual,46,VE,1565580561,90,9.33,-69.12,67.65,1.36
467,cadillac,90,US,1565580561,82,44.25,-85.4,69.8,3.36
468,noumea,90,NC,1565580317,73,-22.28,166.46,69.8,2.24
469,taoudenni,66,ML,1565580562,10,22.68,-3.98,98.97,5.3
470,elliot lake,1,CA,1565580562,82,46.37,-82.65,66.2,8.05
471,ferrol,40,ES,1565580562,100,43.48,-8.23,63.0,3.36
472,ingham,0,AU,1565580562,23,-18.65,146.16,72.52,3.89
473,maceio,40,BR,1565580428,94,-9.67,-35.74,69.8,3.36
474,sorong,93,ID,1565580563,69,-0.86,131.25,84.04,11.41
475,kahului,40,US,1565580563,52,20.89,-156.47,89.6,19.46
476,chicama,90,PE,1565580563,87,-7.84,-79.15,60.8,11.41
477,katangli,97,RU,1565580563,77,51.71,143.23,61.17,8.75
478,atambua,14,ID,1565580563,67,-9.11,124.89,79.35,10.25
479,ampanihy,0,MG,1565580564,71,-24.69,44.75,63.15,6.13
480,pisco,75,PE,1565580564,87,-13.71,-76.2,57.0,3.36
481,abensberg,75,DE,1565580564,100,48.82,11.85,62.01,3.36
482,hope,1,US,1565580564,70,33.67,-93.59,86.0,4.7
483,wucheng,4,CN,1565580564,61,29.09,119.57,88.54,8.28
484,binzhou,100,CN,1565580564,95,37.38,117.96,71.07,26.13
485,sisimiut,19,GL,1565580565,62,66.94,-53.67,47.67,4.74
486,nyuksenitsa,0,RU,1565580565,81,60.41,44.24,39.4,5.77
487,quatre cocos,75,MU,1565580565,94,-20.21,57.76,71.01,10.29
488,naze,100,NG,1565580565,96,5.43,7.07,72.34,2.55
489,seoul,90,KR,1565580318,88,37.57,126.98,82.4,3.36
490,mumford,43,GH,1565580566,93,5.26,-0.76,69.1,3.09
491,zyryanka,0,RU,1565580566,48,65.73,150.89,68.92,13.13
492,batagay-alyta,0,RU,1565580566,39,67.8,130.41,65.67,9.69
493,consett,75,GB,1565580566,97,54.85,-1.83,53.01,8.05
494,sukhaya buyvola,0,RU,1565580566,48,45.15,43.0,64.4,4.47
495,nuevo casas grandes,0,MX,1565580567,58,30.42,-107.91,75.04,7.78
496,arlit,31,NE,1565580567,30,18.74,7.39,92.85,16.78
497,waingapu,50,ID,1565580567,52,-9.65,120.26,84.75,12.35
498,pepel,52,SL,1565580567,84,8.59,-13.06,77.55,10.67
499,lodja,96,CD,1565580567,90,-3.52,23.6,70.72,1.79
500,puerto escondido,75,MX,1565580568,74,15.86,-97.07,80.6,4.0
501,prestea,67,GH,1565580568,98,5.43,-2.14,69.1,3.71
502,hailar,0,CN,1565580568,61,49.2,119.7,69.64,3.36
503,honiara,20,SB,1565580568,66,-9.43,159.96,89.6,12.75
504,chavakkad,90,IN,1565580568,94,10.53,76.05,80.6,9.17
505,ngorongoro,32,TZ,1565580568,81,-3.24,35.49,57.22,19.22
506,padre paraiso,0,BR,1565580569,93,-17.07,-41.48,57.57,2.01
507,sol-iletsk,78,RU,1565580569,85,51.16,55.0,60.1,11.36
508,bonthe,86,SL,1565580569,88,7.53,-12.5,75.57,6.55
509,moose jaw,90,CA,1565580460,55,50.4,-105.54,64.4,10.29
510,senador jose porfirio,0,BR,1565580570,62,-2.59,-51.95,77.74,2.89
511,touros,0,BR,1565580570,94,-5.2,-35.46,71.6,4.7
512,daru,100,PG,1565580570,71,-9.07,143.21,79.9,9.91
513,waycross,1,US,1565580570,83,31.21,-82.35,80.6,3.36
514,tynda,55,RU,1565580570,51,55.15,124.74,73.95,7.45
515,biloela,0,AU,1565580571,23,-24.4,150.51,64.77,11.07
516,arman,89,RU,1565580571,43,59.7,150.17,69.64,2.19
517,ugoofaaru,100,MV,1565580440,75,5.67,73.0,83.14,14.25
518,tupik,22,RU,1565580571,42,54.43,119.94,75.57,7.58
519,muhos,90,FI,1565580571,67,64.81,26.0,57.99,11.41
520,ballina,14,IE,1565580571,94,54.11,-9.15,48.99,15.79
521,makakilo city,90,US,1565580572,69,21.35,-158.09,87.8,10.29
522,cherskiy,36,RU,1565580572,54,68.75,161.3,60.1,14.43
523,madimba,75,CM,1565580572,100,4.42,9.93,75.2,1.12
524,drummondville,90,CA,1565580572,73,45.89,-72.5,71.01,4.7
525,marshall,75,US,1565580572,94,39.12,-93.2,78.8,5.82
526,biltine,34,TD,1565580573,71,14.53,20.93,79.72,2.46
527,monrovia,75,LR,1565580282,94,6.33,-10.8,73.4,9.57
528,takaka,100,NZ,1565580573,93,-40.86,172.81,55.0,11.99
529,aswan,0,EG,1565580573,16,24.09,32.9,76.47,3.0
530,constitucion,40,MX,1565580573,49,23.99,-104.67,71.6,10.29
531,coquimbo,0,CL,1565580573,71,-29.95,-71.34,50.0,5.82
532,dunedin,64,NZ,1565580437,71,-45.87,170.5,50.0,15.99
533,dubrovnik,0,HR,1565580574,45,42.65,18.09,84.2,5.82
534,innisfail,0,AU,1565580574,41,-17.52,146.03,73.0,5.99
535,nogliki,97,RU,1565580574,77,51.8,143.14,61.17,8.75
536,bilibino,13,RU,1565580574,45,68.06,166.44,64.24,11.27
537,rawson,92,AR,1565580575,64,-43.3,-65.11,37.24,12.12
538,beloha,0,MG,1565580575,68,-25.17,45.06,65.67,8.01
539,mayor pablo lagerenza,0,PY,1565580575,32,-19.93,-60.77,78.45,9.78
540,turbat,98,PK,1565580575,76,26.0,63.05,80.44,1.99
541,mahibadhoo,100,MV,1565580576,74,3.78,72.97,82.95,13.71
542,pustoshka,0,RU,1565580576,95,56.34,29.37,50.55,3.74
543,goderich,0,CA,1565580576,82,43.74,-81.71,75.99,10.74
544,san ramon de la nueva oran,0,AR,1565580576,40,-23.13,-64.33,54.15,1.88
545,havelock,1,US,1565580440,74,34.88,-76.9,81.0,4.7
546,kailua,90,US,1565580559,69,21.39,-157.74,87.8,10.29
547,dhidhdhoo,90,MV,1565580577,77,6.88,73.1,83.32,15.7
